game,date,answer
0,2021-06-19,CIGAR
1,2021-06-20,REBUT
2,2021-06-21,SISSY
3,2021-06-22,HUMPH
4,2021-06-23,AWAKE
5,2021-06-24,BLUSH
6,2021-06-25,FOCAL
7,2021-06-26,EVADE
8,2021-06-27,NAVAL
9,2021-06-28,SERVE
10,2021-06-29,HEATH
11,2021-06-30,DWARF
12,2021-07-01,MODEL
13,2021-07-02,KARMA
14,2021-07-03,STINK
15,2021-07-04,GRADE
16,2021-07-05,QUIET
17,2021-07-06,BENCH
18,2021-07-07,ABATE
19,2021-07-08,FEIGN
20,2021-07-09,MAJOR
21,2021-07-10,DEATH
22,2021-07-11,FRESH
23,2021-07-12,CRUST
24,2021-07-13,STOOL
25,2021-07-14,COLON
26,2021-07-15,ABASE
27,2021-07-16,MARRY
28,2021-07-17,REACT
29,2021-07-18,BATTY
30,2021-07-19,PRIDE
31,2021-07-20,FLOSS
32,2021-07-21,HELIX
33,2021-07-22,CROAK
34,2021-07-23,STAFF
35,2021-07-24,PAPER
36,2021-07-25,UNFED
37,2021-07-26,WHELP
38,2021-07-27,TRAWL
39,2021-07-28,OUTDO
40,2021-07-29,ADOBE
41,2021-07-30,CRAZY
42,2021-07-31,SOWER
43,2021-08-01,REPAY
44,2021-08-02,DIGIT
45,2021-08-03,CRATE
46,2021-08-04,CLUCK
47,2021-08-05,SPIKE
48,2021-08-06,MIMIC
49,2021-08-07,POUND
50,2021-08-08,MAXIM
51,2021-08-09,LINEN
52,2021-08-10,UNMET
53,2021-08-11,FLESH
54,2021-08-12,BOOBY
55,2021-08-13,FORTH
56,2021-08-14,FIRST
57,2021-08-15,STAND
58,2021-08-16,BELLY
59,2021-08-17,IVORY
60,2021-08-18,SEEDY
61,2021-08-19,PRINT
62,2021-08-20,YEARN
63,2021-08-21,DRAIN
64,2021-08-22,BRIBE
65,2021-08-23,STOUT
66,2021-08-24,PANEL
67,2021-08-25,CRASS
68,2021-08-26,FLUME
69,2021-08-27,OFFAL
70,2021-08-28,AGREE
71,2021-08-29,ERROR
72,2021-08-30,SWIRL
73,2021-08-31,ARGUE
74,2021-09-01,BLEED
75,2021-09-02,DELTA
76,2021-09-03,FLICK
77,2021-09-04,TOTEM
78,2021-09-05,WOOER
79,2021-09-06,FRONT
80,2021-09-07,SHRUB
81,2021-09-08,PARRY
82,2021-09-09,BIOME
83,2021-09-10,LAPEL
84,2021-09-11,START
85,2021-09-12,GREET
86,2021-09-13,GONER
87,2021-09-14,GOLEM
88,2021-09-15,LUSTY
89,2021-09-16,LOOPY
90,2021-09-17,ROUND
91,2021-09-18,AUDIT
92,2021-09-19,LYING
93,2021-09-20,GAMMA
94,2021-09-21,LABOR
95,2021-09-22,ISLET
96,2021-09-23,CIVIC
97,2021-09-24,FORGE
98,2021-09-25,CORNY
99,2021-09-26,MOULT
100,2021-09-27,BASIC
101,2021-09-28,SALAD
102,2021-09-29,AGATE
103,2021-09-30,SPICY
104,2021-10-01,SPRAY
105,2021-10-02,ESSAY
106,2021-10-03,FJORD
107,2021-10-04,SPEND
108,2021-10-05,KEBAB
109,2021-10-06,GUILD
110,2021-10-07,ABACK
111,2021-10-08,MOTOR
112,2021-10-09,ALONE
113,2021-10-10,HATCH
114,2021-10-11,HYPER
115,2021-10-12,THUMB
116,2021-10-13,DOWRY
117,2021-10-14,OUGHT
118,2021-10-15,BELCH
119,2021-10-16,DUTCH
120,2021-10-17,PILOT
121,2021-10-18,TWEED
122,2021-10-19,COMET
123,2021-10-20,JAUNT
124,2021-10-21,ENEMA
125,2021-10-22,STEED
126,2021-10-23,ABYSS
127,2021-10-24,GROWL
128,2021-10-25,FLING
129,2021-10-26,DOZEN
130,2021-10-27,BOOZY
131,2021-10-28,ERODE
132,2021-10-29,WORLD
133,2021-10-30,GOUGE
134,2021-10-31,CLICK
135,2021-11-01,BRIAR
136,2021-11-02,GREAT
137,2021-11-03,ALTAR
138,2021-11-04,PULPY
139,2021-11-05,BLURT
140,2021-11-06,COAST
141,2021-11-07,DUCHY
142,2021-11-08,GROIN
143,2021-11-09,FIXER
144,2021-11-10,GROUP
145,2021-11-11,ROGUE
146,2021-11-12,BADLY
147,2021-11-13,SMART
148,2021-11-14,PITHY
149,2021-11-15,GAUDY
150,2021-11-16,CHILL
151,2021-11-17,HERON
152,2021-11-18,VODKA
153,2021-11-19,FINER
154,2021-11-20,SURER
155,2021-11-21,RADIO
156,2021-11-22,ROUGE
157,2021-11-23,PERCH
158,2021-11-24,RETCH
159,2021-11-25,WROTE
160,2021-11-26,CLOCK
161,2021-11-27,TILDE
162,2021-11-28,STORE
163,2021-11-29,PROVE
164,2021-11-30,BRING
165,2021-12-01,SOLVE
166,2021-12-02,CHEAT
167,2021-12-03,GRIME
168,2021-12-04,EXULT
169,2021-12-05,USHER
170,2021-12-06,EPOCH
171,2021-12-07,TRIAD
172,2021-12-08,BREAK
173,2021-12-09,RHINO
174,2021-12-10,VIRAL
175,2021-12-11,CONIC
176,2021-12-12,MASSE
177,2021-12-13,SONIC
178,2021-12-14,VITAL
179,2021-12-15,TRACE
180,2021-12-16,USING
181,2021-12-17,PEACH
182,2021-12-18,CHAMP
183,2021-12-19,BATON
184,2021-12-20,BRAKE
185,2021-12-21,PLUCK
186,2021-12-22,CRAZE
187,2021-12-23,GRIPE
188,2021-12-24,WEARY
189,2021-12-25,PICKY
190,2021-12-26,ACUTE
191,2021-12-27,FERRY
192,2021-12-28,ASIDE
193,2021-12-29,TAPIR
194,2021-12-30,TROLL
195,2021-12-31,UNIFY
196,2022-01-01,REBUS
197,2022-01-02,BOOST
198,2022-01-03,TRUSS
199,2022-01-04,SIEGE
200,2022-01-05,TIGER
201,2022-01-06,BANAL
202,2022-01-07,SLUMP
203,2022-01-08,CRANK
204,2022-01-09,GORGE
205,2022-01-10,QUERY
206,2022-01-11,DRINK
207,2022-01-12,FAVOR
208,2022-01-13,ABBEY
209,2022-01-14,TANGY
210,2022-01-15,PANIC
211,2022-01-16,SOLAR
212,2022-01-17,SHIRE
213,2022-01-18,PROXY
214,2022-01-19,POINT
215,2022-01-20,ROBOT
216,2022-01-21,PRICK
217,2022-01-22,WINCE
218,2022-01-23,CRIMP
219,2022-01-24,KNOLL
220,2022-01-25,SUGAR
221,2022-01-26,WHACK
222,2022-01-27,MOUNT
223,2022-01-28,PERKY
224,2022-01-29,COULD
225,2022-01-30,WRUNG
226,2022-01-31,LIGHT
227,2022-02-01,THOSE
228,2022-02-02,MOIST
229,2022-02-03,SHARD
230,2022-02-04,PLEAT
231,2022-02-05,ALOFT
232,2022-02-06,SKILL
233,2022-02-07,ELDER
234,2022-02-08,FRAME
235,2022-02-09,HUMOR
236,2022-02-10,PAUSE
237,2022-02-11,ULCER
238,2022-02-12,ULTRA
239,2022-02-13,ROBIN
240,2022-02-14,CYNIC
241,2022-02-15,AROMA
242,2022-02-16,CAULK
243,2022-02-17,SHAKE
244,2022-02-18,DODGE
245,2022-02-19,SWILL
246,2022-02-20,TACIT
247,2022-02-21,OTHER
248,2022-02-22,THORN
249,2022-02-23,TROVE
250,2022-02-24,BLOKE
251,2022-02-25,VIVID
252,2022-02-26,SPILL
253,2022-02-27,CHANT
254,2022-02-28,CHOKE
255,2022-03-01,RUPEE
256,2022-03-02,NASTY
257,2022-03-03,MOURN
258,2022-03-04,AHEAD
259,2022-03-05,BRINE
260,2022-03-06,CLOTH
261,2022-03-07,HOARD
262,2022-03-08,SWEET
263,2022-03-09,MONTH
264,2022-03-10,LAPSE
265,2022-03-11,WATCH
266,2022-03-12,TODAY
267,2022-03-13,FOCUS
268,2022-03-14,SMELT
269,2022-03-15,TEASE
270,2022-03-16,CATER
271,2022-03-17,MOVIE
272,2022-03-18,SAUTE
273,2022-03-19,ALLOW
274,2022-03-20,RENEW
275,2022-03-21,THEIR
276,2022-03-22,SLOSH
277,2022-03-23,PURGE
278,2022-03-24,CHEST
279,2022-03-25,DEPOT
280,2022-03-26,EPOXY
281,2022-03-27,NYMPH
282,2022-03-28,FOUND
283,2022-03-29,SHALL
284,2022-03-30,STOVE
285,2022-03-31,LOWLY
286,2022-04-01,SNOUT
287,2022-04-02,TROPE
288,2022-04-03,FEWER
289,2022-04-04,SHAWL
290,2022-04-05,NATAL
291,2022-04-06,COMMA
292,2022-04-07,FORAY
293,2022-04-08,SCARE
294,2022-04-09,STAIR
295,2022-04-10,BLACK
296,2022-04-11,SQUAD
297,2022-04-12,ROYAL
298,2022-04-13,CHUNK
299,2022-04-14,MINCE
300,2022-04-15,SHAME
301,2022-04-16,CHEEK
302,2022-04-17,AMPLE
303,2022-04-18,FLAIR
304,2022-04-19,FOYER
305,2022-04-20,CARGO
306,2022-04-21,OXIDE
307,2022-04-22,PLANT
308,2022-04-23,OLIVE
309,2022-04-24,INERT
310,2022-04-25,ASKEW
311,2022-04-26,HEIST
312,2022-04-27,SHOWN
313,2022-04-28,ZESTY
314,2022-04-29,TRASH
315,2022-04-30,LARVA
316,2022-05-01,FORGO
317,2022-05-02,STORY
318,2022-05-03,HAIRY
319,2022-05-04,TRAIN
320,2022-05-05,HOMER
321,2022-05-06,BADGE
322,2022-05-07,MIDST
323,2022-05-08,CANNY
324,2022-05-09,SHINE
325,2022-05-10,GECKO
326,2022-05-11,FARCE
327,2022-05-12,SLUNG
328,2022-05-13,TIPSY
329,2022-05-14,METAL
330,2022-05-15,YIELD
331,2022-05-16,DELVE
332,2022-05-17,BEING
333,2022-05-18,SCOUR
334,2022-05-19,GLASS
335,2022-05-20,GAMER
336,2022-05-21,SCRAP
337,2022-05-22,MONEY
338,2022-05-23,HINGE
339,2022-05-24,ALBUM
340,2022-05-25,VOUCH
341,2022-05-26,ASSET
342,2022-05-27,TIARA
343,2022-05-28,CREPT
344,2022-05-29,BAYOU
345,2022-05-30,ATOLL
346,2022-05-31,MANOR
347,2022-06-01,CREAK
348,2022-06-02,SHOWY
349,2022-06-03,PHASE
350,2022-06-04,FROTH
351,2022-06-05,DEPTH
352,2022-06-06,GLOOM
353,2022-06-07,FLOOD
354,2022-06-08,TRAIT
355,2022-06-09,GIRTH
356,2022-06-10,PIETY
357,2022-06-11,GOOSE
358,2022-06-12,FLOAT
359,2022-06-13,DONOR
360,2022-06-14,ATONE
361,2022-06-15,PRIMO
362,2022-06-16,APRON
363,2022-06-17,BLOWN
364,2022-06-18,CACAO
365,2022-06-19,LOSER
366,2022-06-20,INPUT
367,2022-06-21,GLOAT
368,2022-06-22,AWFUL
369,2022-06-23,BRINK
370,2022-06-24,SMITE
371,2022-06-25,BEADY
372,2022-06-26,RUSTY
373,2022-06-27,RETRO
374,2022-06-28,DROLL
375,2022-06-29,GAWKY
376,2022-06-30,HUTCH
377,2022-07-01,PINTO
378,2022-07-02,EGRET
379,2022-07-03,LILAC
380,2022-07-04,SEVER
381,2022-07-05,FIELD
382,2022-07-06,FLUFF
383,2022-07-07,AGAPE
384,2022-07-08,VOICE
385,2022-07-09,STEAD
386,2022-07-10,BERTH
387,2022-07-11,MADAM
388,2022-07-12,NIGHT
389,2022-07-13,BLAND
390,2022-07-14,LIVER
391,2022-07-15,WEDGE
392,2022-07-16,ROOMY
393,2022-07-17,WACKY
394,2022-07-18,FLOCK
395,2022-07-19,ANGRY
396,2022-07-20,TRITE
397,2022-07-21,APHID
398,2022-07-22,TRYST
399,2022-07-23,MIDGE
400,2022-07-24,POWER
401,2022-07-25,ELOPE
402,2022-07-26,CINCH
403,2022-07-27,MOTTO
404,2022-07-28,STOMP
405,2022-07-29,UPSET
406,2022-07-30,BLUFF
407,2022-07-31,CRAMP
408,2022-08-01,QUART
409,2022-08-02,COYLY
410,2022-08-03,YOUTH
411,2022-08-04,RHYME
412,2022-08-05,BUGGY
413,2022-08-06,ALIEN
414,2022-08-07,SMEAR
415,2022-08-08,UNFIT
416,2022-08-09,PATTY
417,2022-08-10,CLING
418,2022-08-11,GLEAN
419,2022-08-12,LABEL
420,2022-08-13,HUNKY
421,2022-08-14,KHAKI
422,2022-08-15,POKER
423,2022-08-16,GRUEL
424,2022-08-17,TWICE
425,2022-08-18,TWANG
426,2022-08-19,SHRUG
427,2022-08-20,TREAT
428,2022-08-21,WASTE
429,2022-08-22,MERIT
430,2022-08-23,WOVEN
431,2022-08-24,NEEDY
432,2022-08-25,CLOWN
433,2022-08-26,IRONY
434,2022-08-27,RUDER
435,2022-08-28,GAUZE
436,2022-08-29,CHIEF
437,2022-08-30,ONSET
438,2022-08-31,PRIZE
439,2022-09-01,FUNGI
440,2022-09-02,CHARM
441,2022-09-03,GULLY
442,2022-09-04,INTER
443,2022-09-05,WHOOP
444,2022-09-06,TAUNT
445,2022-09-07,LEERY
446,2022-09-08,CLASS
447,2022-09-09,THEME
448,2022-09-10,LOFTY
449,2022-09-11,TIBIA
450,2022-09-12,BOOZE
451,2022-09-13,ALPHA
452,2022-09-14,THYME
453,2022-09-15,DOUBT
454,2022-09-16,PARER
455,2022-09-17,CHUTE
456,2022-09-18,STICK
457,2022-09-19,TRICE
458,2022-09-20,ALIKE
459,2022-09-21,RECAP
460,2022-09-22,SAINT
461,2022-09-23,GLORY
462,2022-09-24,GRATE
463,2022-09-25,ADMIT
464,2022-09-26,BRISK
465,2022-09-27,SOGGY
466,2022-09-28,USURP
467,2022-09-29,SCALD
468,2022-09-30,SCORN
469,2022-10-01,LEAVE
470,2022-10-02,TWINE
471,2022-10-03,STING
472,2022-10-04,BOUGH
473,2022-10-05,MARSH
474,2022-10-06,SLOTH
475,2022-10-07,DANDY
476,2022-10-08,VIGOR
477,2022-10-09,HOWDY
478,2022-10-10,ENJOY
479,2022-10-11,VALID
480,2022-10-12,IONIC
481,2022-10-13,EQUAL
482,2022-10-14,FLOOR
483,2022-10-15,CATCH
484,2022-10-16,SPADE
485,2022-10-17,STEIN
486,2022-10-18,EXIST
487,2022-10-19,QUIRK
488,2022-10-20,DENIM
489,2022-10-21,GROVE
490,2022-10-22,SPIEL
491,2022-10-23,MUMMY
492,2022-10-24,FAULT
493,2022-10-25,FOGGY
494,2022-10-26,FLOUT
495,2022-10-27,CARRY
496,2022-10-28,SNEAK
497,2022-10-29,LIBEL
498,2022-10-30,WALTZ
499,2022-10-31,APTLY
500,2022-11-01,PINEY
501,2022-11-02,INEPT
502,2022-11-03,ALOUD
503,2022-11-04,PHOTO
504,2022-11-05,DREAM
505,2022-11-06,STALE
506,2022-11-07,BEGIN
507,2022-11-08,SPELL
508,2022-11-09,RAINY
509,2022-11-10,UNITE
510,2022-11-11,MEDAL
511,2022-11-12,VALET
512,2022-11-13,INANE
513,2022-11-14,MAPLE
514,2022-11-15,SNARL
515,2022-11-16,BAKER
516,2022-11-17,THERE
517,2022-11-18,GLYPH
518,2022-11-19,AVERT
519,2022-11-20,BRAVE
520,2022-11-21,AXIOM
521,2022-11-22,PRIME
522,2022-11-23,DRIVE
523,2022-11-24,FEAST
524,2022-11-25,ITCHY
525,2022-11-26,CLEAN
526,2022-11-27,HAPPY
527,2022-11-28,TEPID
528,2022-11-29,UNDUE
529,2022-11-30,STUDY
530,2022-12-01,EJECT
531,2022-12-02,CHAFE
532,2022-12-03,TORSO
533,2022-12-04,ADORE
534,2022-12-05,WOKEN
535,2022-12-06,AMBER
536,2022-12-07,JOUST
537,2022-12-08,INFER
538,2022-12-09,BRAID
539,2022-12-10,KNOCK
540,2022-12-11,NAIVE
541,2022-12-12,APPLY
542,2022-12-13,SPOKE
543,2022-12-14,USUAL
544,2022-12-15,RIVAL
545,2022-12-16,PROBE
546,2022-12-17,CHORD
547,2022-12-18,TAPER
548,2022-12-19,SLATE
549,2022-12-20,THIRD
550,2022-12-21,LUNAR
551,2022-12-22,EXCEL
552,2022-12-23,AORTA
553,2022-12-24,POISE
554,2022-12-25,EXTRA
555,2022-12-26,JUDGE
556,2022-12-27,CONDO
557,2022-12-28,IMPEL
558,2022-12-29,HAVOC
559,2022-12-30,MOLAR
560,2022-12-31,MANLY
561,2023-01-01,WHINE
562,2023-01-02,SKIRT
563,2023-01-03,ANTIC
564,2023-01-04,LAYER
565,2023-01-05,SLEEK
566,2023-01-06,BELIE
567,2023-01-07,LEMON
568,2023-01-08,OPERA
569,2023-01-09,PIXIE
570,2023-01-10,GRIMY
571,2023-01-11,SEDAN
572,2023-01-12,LEAPT
573,2023-01-13,HUMAN
574,2023-01-14,KOALA
575,2023-01-15,SPIRE
576,2023-01-16,FROCK
577,2023-01-17,ADOPT
578,2023-01-18,CHARD
579,2023-01-19,MUCKY
580,2023-01-20,ALTER
581,2023-01-21,BLURB
582,2023-01-22,MATEY
583,2023-01-23,ELUDE
584,2023-01-24,COUNT
585,2023-01-25,MAIZE
586,2023-01-26,BEEFY
587,2023-01-27,WORRY
588,2023-01-28,FLIRT
589,2023-01-29,FISHY
590,2023-01-30,CRAVE
591,2023-01-31,CROSS
592,2023-02-01,SCOLD
593,2023-02-02,SHIRK
594,2023-02-03,TASTY
595,2023-02-04,UNLIT
596,2023-02-05,DANCE
597,2023-02-06,NINTH
598,2023-02-07,APPLE
599,2023-02-08,FLAIL
600,2023-02-09,STAGE
601,2023-02-10,HEADY
602,2023-02-11,DEBUG
603,2023-02-12,GIANT
604,2023-02-13,USAGE
605,2023-02-14,SOUND
606,2023-02-15,SALSA
607,2023-02-16,MAGIC
608,2023-02-17,CACHE
609,2023-02-18,AVAIL
610,2023-02-19,KIOSK
611,2023-02-20,SWEAT
612,2023-02-21,RUDDY
613,2023-02-22,RIPER
614,2023-02-23,VAGUE
615,2023-02-24,ARBOR
616,2023-02-25,FIFTY
617,2023-02-26,SYRUP
618,2023-02-27,WORSE
619,2023-02-28,POLKA
620,2023-03-01,MOOSE
621,2023-03-02,ABOVE
622,2023-03-03,SQUAT
623,2023-03-04,TREND
624,2023-03-05,TOXIC
625,2023-03-06,PINKY
626,2023-03-07,HORSE
627,2023-03-08,REGAL
628,2023-03-09,WHERE
629,2023-03-10,REVEL
630,2023-03-11,EMAIL
631,2023-03-12,BIRTH
632,2023-03-13,BLAME
633,2023-03-14,SURLY
634,2023-03-15,SWEEP
635,2023-03-16,CIDER
636,2023-03-17,MEALY
637,2023-03-18,YACHT
638,2023-03-19,CREDO
639,2023-03-20,GLOVE
640,2023-03-21,TOUGH
641,2023-03-22,DUVET
642,2023-03-23,STAID
643,2023-03-24,GROUT
644,2023-03-25,VOTER
645,2023-03-26,UNTIE
646,2023-03-27,GUANO
647,2023-03-28,HURRY
648,2023-03-29,BESET
649,2023-03-30,BREAD
650,2023-03-31,EVERY
651,2023-04-01,MARCH
652,2023-04-02,STOCK
653,2023-04-03,FLORA
654,2023-04-04,RATIO
655,2023-04-05,SMASH
656,2023-04-06,LEAFY
657,2023-04-07,LOCUS
658,2023-04-08,LEDGE
659,2023-04-09,SNAFU
660,2023-04-10,UNDER
661,2023-04-11,QUALM
662,2023-04-12,BORAX
663,2023-04-13,CARAT
664,2023-04-14,THIEF
665,2023-04-15,AGONY
666,2023-04-16,DWELT
667,2023-04-17,WHIFF
668,2023-04-18,HOUND
669,2023-04-19,THUMP
670,2023-04-20,PLATE
671,2023-04-21,KAYAK
672,2023-04-22,BROKE
673,2023-04-23,UNZIP
674,2023-04-24,DITTO
675,2023-04-25,JOKER
676,2023-04-26,METRO
677,2023-04-27,LOGIC
678,2023-04-28,CIRCA
679,2023-04-29,CEDAR
680,2023-04-30,PLAZA
681,2023-05-01,RANGE
682,2023-05-02,SULKY
683,2023-05-03,HORDE
684,2023-05-04,GUPPY
685,2023-05-05,BELOW
686,2023-05-06,ANGER
687,2023-05-07,GHOUL
688,2023-05-08,AGLOW
689,2023-05-09,COCOA
690,2023-05-10,ETHIC
691,2023-05-11,BROOM
692,2023-05-12,SNACK
693,2023-05-13,ACRID
694,2023-05-14,SCARF
695,2023-05-15,CANOE
696,2023-05-16,LATTE
697,2023-05-17,PLANK
698,2023-05-18,SHORN
699,2023-05-19,GRIEF
700,2023-05-20,FLASK
701,2023-05-21,BRASH
702,2023-05-22,IGLOO
703,2023-05-23,CLERK
704,2023-05-24,UTTER
705,2023-05-25,BAGEL
706,2023-05-26,SWINE
707,2023-05-27,RAMEN
708,2023-05-28,SKIMP
709,2023-05-29,MOUSE
710,2023-05-30,KNEEL
711,2023-05-31,AGILE
712,2023-06-01,JAZZY
713,2023-06-02,HUMID
714,2023-06-03,NANNY
715,2023-06-04,BEAST
716,2023-06-05,ENNUI
717,2023-06-06,SCOUT
718,2023-06-07,HATER
719,2023-06-08,CRUMB
720,2023-06-09,BALSA
721,2023-06-10,AGAIN
722,2023-06-11,GUARD
723,2023-06-12,WRONG
724,2023-06-13,PLUNK
725,2023-06-14,CRIME
726,2023-06-15,MAYBE
727,2023-06-16,STRAP
728,2023-06-17,RANCH
729,2023-06-18,SHYLY
730,2023-06-19,KAZOO
731,2023-06-20,FROST
732,2023-06-21,CRANE
733,2023-06-22,TASTE
734,2023-06-23,COVET
735,2023-06-24,GRAND
736,2023-06-25,RODEO
737,2023-06-26,GUEST
738,2023-06-27,ABOUT
739,2023-06-28,TRACT
740,2023-06-29,DINER
741,2023-06-30,STRAW
742,2023-07-01,BLEEP
743,2023-07-02,MOSSY
744,2023-07-03,HOTEL
745,2023-07-04,IRATE
746,2023-07-05,VENOM
747,2023-07-06,WINDY
748,2023-07-07,DONUT
749,2023-07-08,COWER
750,2023-07-09,ENTER
751,2023-07-10,FOLLY
752,2023-07-11,EARTH
753,2023-07-12,WHIRL
754,2023-07-13,BARGE
755,2023-07-14,FIEND
756,2023-07-15,CRONE
757,2023-07-16,TOPAZ
758,2023-07-17,DROOP
759,2023-07-18,FLYER
760,2023-07-19,TONIC
761,2023-07-20,FLANK
762,2023-07-21,BURLY
763,2023-07-22,FROZE
764,2023-07-23,WHALE
765,2023-07-24,HOBBY
766,2023-07-25,WHEEL
767,2023-07-26,HEART
768,2023-07-27,DISCO
769,2023-07-28,ETHOS
770,2023-07-29,CURLY
771,2023-07-30,BATHE
772,2023-07-31,STYLE
773,2023-08-01,TENTH
774,2023-08-02,BEGET
775,2023-08-03,PARTY
776,2023-08-04,CHART
777,2023-08-05,ANODE
778,2023-08-06,POLYP
779,2023-08-07,BROOK
780,2023-08-08,BULLY
781,2023-08-09,LOVER
782,2023-08-10,EMPTY
783,2023-08-11,HELLO
784,2023-08-12,QUICK
785,2023-08-13,WRATH
786,2023-08-14,SNAKY
787,2023-08-15,INDEX
788,2023-08-16,SCRUB
789,2023-08-17,AMISS
790,2023-08-18,EXACT
791,2023-08-19,MAGMA
792,2023-08-20,QUEST
793,2023-08-21,BEACH
794,2023-08-22,SPICE
795,2023-08-23,VERVE
796,2023-08-24,WORDY
797,2023-08-25,OCEAN
798,2023-08-26,CHOIR
799,2023-08-27,PEACE
800,2023-08-28,WRITE
801,2023-08-29,CAPER
802,2023-08-30,AUDIO
803,2023-08-31,BRIDE
804,2023-09-01,SPACE
805,2023-09-02,ONION
806,2023-09-03,AWAIT
807,2023-09-04,GIDDY
808,2023-09-05,BIRCH
809,2023-09-06,GNASH
810,2023-09-07,DWELL
811,2023-09-08,ROUSE
812,2023-09-09,LUCKY
813,2023-09-10,QUOTE
814,2023-09-11,OLDER
815,2023-09-12,WHISK
816,2023-09-13,CLEAR
817,2023-09-14,RAYON
818,2023-09-15,EXERT
819,2023-09-16,ANGEL
820,2023-09-17,MUSIC
821,2023-09-18,FRANK
822,2023-09-19,CLOSE
823,2023-09-20,SNARE
824,2023-09-21,STONE
825,2023-09-22,BRUSH
826,2023-09-23,CAROL
827,2023-09-24,RIGHT
828,2023-09-25,ROCKY
829,2023-09-26,LOYAL
830,2023-09-27,SMILE
831,2023-09-28,COACH
832,2023-09-29,AZURE
833,2023-09-30,DADDY
834,2023-10-01,BERET
835,2023-10-02,MERRY
836,2023-10-03,WHILE
837,2023-10-04,SPURT
838,2023-10-05,BUNCH
839,2023-10-06,CHIME
840,2023-10-07,VIOLA
841,2023-10-08,BINGE
842,2023-10-09,TRUTH
843,2023-10-10,SNAIL
844,2023-10-11,SKUNK
845,2023-10-12,KNELT
846,2023-10-13,UNCLE
847,2023-10-14,AGENT
848,2023-10-15,LEAKY
849,2023-10-16,GRAPH
850,2023-10-17,ADULT
851,2023-10-18,MERCY
852,2023-10-19,SPLAT
853,2023-10-20,OCCUR
854,2023-10-21,SMIRK
855,2023-10-22,GIVEN
856,2023-10-23,TEMPO
857,2023-10-24,CAUSE
858,2023-10-25,RETRY
859,2023-10-26,PIQUE
860,2023-10-27,NOBLE
861,2023-10-28,MASON
862,2023-10-29,PHONY
863,2023-10-30,GRAIL
864,2023-10-31,BLEAK
865,2023-11-01,NOISE
866,2023-11-02,UNTIL
867,2023-11-03,ARDOR
868,2023-11-04,MANIA
869,2023-11-05,FLARE
870,2023-11-06,TRADE
871,2023-11-07,LIMIT
872,2023-11-08,NINJA
873,2023-11-09,GLAZE
874,2023-11-10,LEASH
875,2023-11-11,ACTOR
876,2023-11-12,MEANT
877,2023-11-13,GREEN
878,2023-11-14,SASSY
879,2023-11-15,SIGHT
880,2023-11-16,TRUST
881,2023-11-17,TARDY
882,2023-11-18,THINK
883,2023-11-19,QUEUE
884,2023-11-20,CANDY
885,2023-11-21,PIANO
886,2023-11-22,PIXEL
887,2023-11-23,QUEEN
888,2023-11-24,THROW
889,2023-11-25,GUIDE
890,2023-11-26,SOLID
891,2023-11-27,TAWNY
892,2023-11-28,SCOPE
893,2023-11-29,SUSHI
894,2023-11-30,RESIN
895,2023-12-01,TAKEN
896,2023-12-02,GENRE
897,2023-12-03,ADAPT
898,2023-12-04,WORST
899,2023-12-05,YOUNG
900,2023-12-06,WOMAN
901,2023-12-07,SLEEP
902,2023-12-08,SHARP
903,2023-12-09,SHIFT
904,2023-12-10,CHAIN
905,2023-12-11,HOUSE
906,2023-12-12,THESE
907,2023-12-13,SPENT
908,2023-12-14,WOULD
909,2023-12-15,TOPIC
910,2023-12-16,GLOBE
911,2023-12-17,BACON
912,2023-12-18,FUNNY
913,2023-12-19,TABLE
914,2023-12-20,SMALL
915,2023-12-21,BUILT
916,2023-12-22,TOUCH
917,2023-12-23,SLOPE
918,2023-12-24,GRACE
919,2023-12-25,EVOKE
920,2023-12-26,PHONE
921,2023-12-27,DAISY
922,2023-12-28,LEARN
923,2023-12-29,CHILD
924,2023-12-30,THREE
925,2023-12-31,SALTY
926,2024-01-01,MURAL
927,2024-01-02,AGING
928,2024-01-03,TWIRL
929,2024-01-04,SCANT
930,2024-01-05,LUNGE
931,2024-01-06,CABLE
932,2024-01-07,STONY
933,2024-01-08,FINAL
934,2024-01-09,LINER
935,2024-01-10,THREW
936,2024-01-11,BRIEF
937,2024-01-12,ROUTE
938,2024-01-13,HEARD
939,2024-01-14,DOING
940,2024-01-15,LUNCH
941,2024-01-16,BLOND
942,2024-01-17,COURT
943,2024-01-18,STOLE
944,2024-01-19,THING
945,2024-01-20,LARGE
946,2024-01-21,NORTH
947,2024-01-22,TWEAK
948,2024-01-23,STILL
949,2024-01-24,RELIC
950,2024-01-25,BLOCK
951,2024-01-26,ALOOF
952,2024-01-27,SNAKE
953,2024-01-28,EMBER
954,2024-01-29,LEGGY
955,2024-01-30,EXPEL
956,2024-01-31,BULKY
957,2024-02-01,ALIVE
958,2024-02-02,CLEFT
959,2024-02-03,MICRO
960,2024-02-04,VERGE
961,2024-02-05,REPEL
962,2024-02-06,WHICH
963,2024-02-07,AFTER
964,2024-02-08,PLACE
965,2024-02-09,STIFF
966,2024-02-10,FRIED
967,2024-02-11,NEVER
968,2024-02-12,PASTA
969,2024-02-13,SCRAM
970,2024-02-14,TALON
971,2024-02-15,ASCOT
972,2024-02-16,STASH
973,2024-02-17,PSALM
974,2024-02-18,RIDGE
975,2024-02-19,PRICE
976,2024-02-20,MATCH
977,2024-02-21,BUILD
978,2024-02-22,HEAVY
979,2024-02-23,APART
980,2024-02-24,PIPER
981,2024-02-25,SMITH
982,2024-02-26,OFTEN
983,2024-02-27,SENSE
984,2024-02-28,DEVIL
985,2024-02-29,IMAGE
986,2024-03-01,FORTY
987,2024-03-02,URBAN
988,2024-03-03,STATE
989,2024-03-04,FLAME
990,2024-03-05,HUNCH
991,2024-03-06,TEARY
992,2024-03-07,CLONE
993,2024-03-08,EARLY
994,2024-03-09,CHEER
995,2024-03-10,GRASP
996,2024-03-11,PESKY
997,2024-03-12,HEAVE
998,2024-03-13,LOCAL
999,2024-03-14,SINCE
1000,2024-03-15,ERUPT
1001,2024-03-16,TOXIN
1002,2024-03-17,SNORT
1003,2024-03-18,SPELT
1004,2024-03-19,ABIDE
1005,2024-03-20,LINGO
1006,2024-03-21,SHADE
1007,2024-03-22,DECAY
1008,2024-03-23,RISEN
1009,2024-03-24,TOWEL
1010,2024-03-25,SALLY
1011,2024-03-26,MAYOR
1012,2024-03-27,STUNG
1013,2024-03-28,SPEAK
1014,2024-03-29,REALM
1015,2024-03-30,FORCE
1016,2024-03-31,TABOO
1017,2024-04-01,FROND
1018,2024-04-02,SERUM
1019,2024-04-03,PLAIT
1020,2024-04-04,CLIMB
1021,2024-04-05,WRIST
1022,2024-04-06,FINCH
1023,2024-04-07,VOILA
1024,2024-04-08,BREED
1025,2024-04-09,MERGE
1026,2024-04-10,BROTH
1027,2024-04-11,LOUSE
1028,2024-04-12,WHINY
1029,2024-04-13,STEEL
1030,2024-04-14,BLIMP
1031,2024-04-15,EQUIP
1032,2024-04-16,SHANK
1033,2024-04-17,TITHE
1034,2024-04-18,FACET
1035,2024-04-19,RAISE
1036,2024-04-20,LUCID
1037,2024-04-21,JOLLY
1038,2024-04-22,LASER
1039,2024-04-23,ROVER
1040,2024-04-24,OVERT
1041,2024-04-25,INTRO
1042,2024-04-26,VAPID
1043,2024-04-27,GLEAM
1044,2024-04-28,PRUNE
1045,2024-04-29,CRAFT
1046,2024-04-30,PROWL
1047,2024-05-01,DIARY
1048,2024-05-02,SLICE
1049,2024-05-03,EBONY
1050,2024-05-04,VALUE
1051,2024-05-05,DECAL
1052,2024-05-06,SHAVE
1053,2024-05-07,MUSTY
1054,2024-05-08,PIOUS
1055,2024-05-09,JERKY
1056,2024-05-10,MEDIA
1057,2024-05-11,TIDAL
1058,2024-05-12,OUTER
1059,2024-05-13,CUMIN
1060,2024-05-14,AMASS
1061,2024-05-15,PINCH
1062,2024-05-16,STALL
1063,2024-05-17,TUTOR
1064,2024-05-18,BRINY
1065,2024-05-19,HITCH
1066,2024-05-20,NICER
1067,2024-05-21,DINGO
1068,2024-05-22,EXALT
1069,2024-05-23,SWISH
1070,2024-05-24,GLIDE
1071,2024-05-25,TITAN
1072,2024-05-26,BEVEL
1073,2024-05-27,SKIER
1074,2024-05-28,MINUS
1075,2024-05-29,PAPAL
1076,2024-05-30,GUMMY
1077,2024-05-31,CHAOS
1078,2024-06-01,BASIN
1079,2024-06-02,BRAVO
1080,2024-06-03,STARK
1081,2024-06-04,GROOM
1082,2024-06-05,ORGAN
1083,2024-06-06,ETHER
1084,2024-06-07,MELON
1085,2024-06-08,HENCE
1086,2024-06-09,CROWD
1087,2024-06-10,MANGA
1088,2024-06-11,SWUNG
1089,2024-06-12,DETER
1090,2024-06-13,ANGST
1091,2024-06-14,VAULT
1092,2024-06-15,PROUD
1093,2024-06-16,GRIND
1094,2024-06-17,PRIOR
1095,2024-06-18,COVER
1096,2024-06-19,TERSE
1097,2024-06-20,SCENT
1098,2024-06-21,PAINT
1099,2024-06-22,EDICT
1100,2024-06-23,BUGLE
1101,2024-06-24,DOLLY
1102,2024-06-25,SAVOR
1103,2024-06-26,KNEAD
1104,2024-06-27,ORDER
1105,2024-06-28,DROVE
1106,2024-06-29,ZEBRA
1107,2024-06-30,BUDDY
1108,2024-07-01,ADAGE
1109,2024-07-02,INLAY
1110,2024-07-03,THIGH
1111,2024-07-04,DEBUT
1112,2024-07-05,CRUSH
1113,2024-07-06,SCOFF
1114,2024-07-07,CANON
1115,2024-07-08,SHAPE
1116,2024-07-09,BLARE
1117,2024-07-10,GAUNT
1118,2024-07-11,CAMEO
1119,2024-07-12,JIFFY
1120,2024-07-13,ENACT
1121,2024-07-14,VIDEO
1122,2024-07-15,SWOON
1123,2024-07-16,DECOY
1124,2024-07-17,QUITE
1125,2024-07-18,NERDY
1126,2024-07-19,REFER
1127,2024-07-20,SHAFT
1128,2024-07-21,SPECK
1129,2024-07-22,CADET
1130,2024-07-23,PRONG
1131,2024-07-24,FORTE
1132,2024-07-25,PORCH
1133,2024-07-26,AWASH
1134,2024-07-27,JUICE
1135,2024-07-28,SMOCK
1136,2024-07-29,SUPER
1137,2024-07-30,FERAL
1138,2024-07-31,PENNE
1139,2024-08-01,CHALK
1140,2024-08-02,FLAKE
1141,2024-08-03,SCALE
1142,2024-08-04,LOWER
1143,2024-08-05,ENSUE
1144,2024-08-06,ANVIL
1145,2024-08-07,MACAW
1146,2024-08-08,SAUCY
1147,2024-08-09,OUNCE
1148,2024-08-10,MEDIC
1149,2024-08-11,SCONE
1150,2024-08-12,SKIFF
1151,2024-08-13,NEIGH
1152,2024-08-14,SHORE
1153,2024-08-15,ACORN
1154,2024-08-16,BRACE
1155,2024-08-17,STORM
1156,2024-08-18,LANKY
1157,2024-08-19,METER
1158,2024-08-20,DELAY
1159,2024-08-21,MULCH
1160,2024-08-22,BRUTE
1161,2024-08-23,LEECH
1162,2024-08-24,FILET
1163,2024-08-25,SKATE
1164,2024-08-26,STAKE
1165,2024-08-27,CROWN
1166,2024-08-28,LITHE
1167,2024-08-29,FLUNK
1168,2024-08-30,KNAVE
1169,2024-08-31,SPOUT
1170,2024-09-01,MUSHY
1171,2024-09-02,CAMEL
1172,2024-09-03,FAINT
1173,2024-09-04,STERN
1174,2024-09-05,WIDEN
1175,2024-09-06,RERUN
1176,2024-09-07,OWNER
1177,2024-09-08,DRAWN
1178,2024-09-09,DEBIT
1179,2024-09-10,REBEL
1180,2024-09-11,AISLE
1181,2024-09-12,BRASS
1182,2024-09-13,HARSH
1183,2024-09-14,BROAD
1184,2024-09-15,RECUR
1185,2024-09-16,HONEY
1186,2024-09-17,BEAUT
1187,2024-09-18,FULLY
1188,2024-09-19,PRESS
1189,2024-09-20,SMOKE
1190,2024-09-21,SEVEN
1191,2024-09-22,TEACH
1192,2024-09-23,STEAM
1193,2024-09-24,HANDY
1194,2024-09-25,TORCH
1195,2024-09-26,THANK
1196,2024-09-27,FAITH
1197,2024-09-28,BRAIN
1198,2024-09-29,RIDER
1199,2024-09-30,CLOUD
1200,2024-10-01,MODEM
1201,2024-10-02,SHELL
1202,2024-10-03,WAGON
1203,2024-10-04,TITLE
1204,2024-10-05,MINER
1205,2024-10-06,LAGER
1206,2024-10-07,FLOUR
1207,2024-10-08,JOINT
1208,2024-10-09,MOMMY
1209,2024-10-10,CARVE
1210,2024-10-11,GUSTY
1211,2024-10-12,STAIN
1212,2024-10-13,PRONE
1213,2024-10-14,GAMUT
1214,2024-10-15,CORER
1215,2024-10-16,GRANT
1216,2024-10-17,HALVE
1217,2024-10-18,STINT
1218,2024-10-19,FIBER
1219,2024-10-20,DICEY
1220,2024-10-21,SPOON
1221,2024-10-22,SHOUT
1222,2024-10-23,GOOFY
1223,2024-10-24,BOSSY
1224,2024-10-25,FROWN
1225,2024-10-26,WREAK
1226,2024-10-27,SANDY
1227,2024-10-28,BAWDY
1228,2024-10-29,TUNIC
1229,2024-10-30,EASEL
1230,2024-10-31,WEIRD
1231,2024-11-01,SIXTH
1232,2024-11-02,SNOOP
1233,2024-11-03,BLAZE
1234,2024-11-04,VINYL
1235,2024-11-05,OCTET
1236,2024-11-06,TRULY
1237,2024-11-07,EVENT
1238,2024-11-08,READY
1239,2024-11-09,SWELL
1240,2024-11-10,INNER
1241,2024-11-11,STOIC
1242,2024-11-12,FLOWN
1243,2024-11-13,PRIMP
1244,2024-11-14,UVULA
1245,2024-11-15,TACKY
1246,2024-11-16,VISOR
1247,2024-11-17,TALLY
1248,2024-11-18,FRAIL
1249,2024-11-19,GOING
1250,2024-11-20,NICHE
1251,2024-11-21,SPINE
1252,2024-11-22,PEARL
1253,2024-11-23,JELLY
1254,2024-11-24,TWIST
1255,2024-11-25,BROWN
1256,2024-11-26,WITCH
1257,2024-11-27,SLANG
1258,2024-11-28,CHOCK
1259,2024-11-29,HIPPO
1260,2024-11-30,DOGMA
1261,2024-12-01,MAUVE
1262,2024-12-02,GUILE
1263,2024-12-03,SHAKY
1264,2024-12-04,CRYPT
1265,2024-12-05,ENDOW
1266,2024-12-06,SHOVE
1267,2024-12-07,HILLY
1268,2024-12-08,HYENA
1269,2024-12-09,FLUNG
1270,2024-12-10,PATIO
1271,2024-12-11,PLUMB
1272,2024-12-12,VYING
1273,2024-12-13,BOXER
1274,2024-12-14,DROOL
1275,2024-12-15,FUNKY
1276,2024-12-16,BOAST
1277,2024-12-17,SCOWL
1278,2024-12-18,HEFTY
1279,2024-12-19,STRAY
1280,2024-12-20,FLASH
1281,2024-12-21,BLADE
1282,2024-12-22,BRAWN
1283,2024-12-23,SAUNA
1284,2024-12-24,EAGLE
1285,2024-12-25,SHARE
1286,2024-12-26,AFFIX
1287,2024-12-27,GRAIN
1288,2024-12-28,DECRY
1289,2024-12-29,MAMBO
1290,2024-12-30,STARE
1291,2024-12-31,LEMUR
1292,2025-01-01,NERVE
1293,2025-01-02,CHOSE
1294,2025-01-03,CHEAP
1295,2025-01-04,RELAX
1296,2025-01-05,CYBER
1297,2025-01-06,SPRIG
1298,2025-01-07,ATLAS
1299,2025-01-08,DRAFT
1300,2025-01-09,WAFER
1301,2025-01-10,CRAWL
1302,2025-01-11,DINGY
1303,2025-01-12,TOTAL
1304,2025-01-13,CLOAK
1305,2025-01-14,FANCY
1306,2025-01-15,KNACK
1307,2025-01-16,FLINT
1308,2025-01-17,PROSE
1309,2025-01-18,SILLY
1310,2025-01-19,ROWER
1311,2025-01-20,SQUID
1312,2025-01-21,ICING
1313,2025-01-22,REACH
1314,2025-01-23,UPPER
1315,2025-01-24,CREPE
1316,2025-01-25,CRISP
1317,2025-01-26,SUNNY
1318,2025-01-27,SHUNT
1319,2025-01-28,FEVER
1320,2025-01-29,UDDER
1321,2025-01-30,FALSE
1322,2025-01-31,TOAST
1323,2025-02-01,RIVET
1324,2025-02-02,CHORE
1325,2025-02-03,REVUE
1326,2025-02-04,TOOTH
1327,2025-02-05,PEDAL
1328,2025-02-06,PUPIL
1329,2025-02-07,SWATH
1330,2025-02-08,STEEP
1331,2025-02-09,BONUS
1332,2025-02-10,GOODY
1333,2025-02-11,SCORE
1334,2025-02-12,RAPID
1335,2025-02-13,RUMBA
1336,2025-02-14,DITTY
1337,2025-02-15,CROOK
1338,2025-02-16,SUAVE
1339,2025-02-17,TRAIL
1340,2025-02-18,INDIE
1341,2025-02-19,MADLY
1342,2025-02-20,ROACH
1343,2025-02-21,CLOVE
1344,2025-02-22,CREAM
1345,2025-02-23,OTTER
1346,2025-02-24,GLAND
1347,2025-02-25,DRYER
1348,2025-02-26,AWARD
1349,2025-02-27,LODGE
1350,2025-02-28,FUZZY
1351,2025-03-01,HOVER
1352,2025-03-02,DEITY
1353,2025-03-03,SPEAR
1354,2025-03-04,CHECK
1355,2025-03-05,SCRUM
1356,2025-03-06,ALERT
1357,2025-03-07,TROOP
1358,2025-03-08,NAVEL
1359,2025-03-09,GREED
1360,2025-03-10,SPITE
1361,2025-03-11,TRACK
1362,2025-03-12,MANGO
1363,2025-03-13,CHASE
1364,2025-03-14,PIECE
1365,2025-03-15,LADLE
1366,2025-03-16,STAMP
1367,2025-03-17,LASSO
1368,2025-03-18,TIMER
1369,2025-03-19,SPARK
1370,2025-03-20,BASTE
1371,2025-03-21,NUDGE
1372,2025-03-22,AMBLE
1373,2025-03-23,DOPEY
1374,2025-03-24,ANGLE
1375,2025-03-25,SHELF
1376,2025-03-26,ELBOW
1377,2025-03-27,SHEET
1378,2025-03-28,VERSE
1379,2025-03-29,SORRY
1380,2025-03-30,QUOTA
1381,2025-03-31,BOOTY
1382,2025-04-01,JEWEL
1383,2025-04-02,CURSE
1384,2025-04-03,SHEAR
1385,2025-04-04,KRILL
1386,2025-04-05,FOAMY
1387,2025-04-06,VILLA
1388,2025-04-07,HAZEL
1389,2025-04-08,SPARE
1390,2025-04-09,WHEAT
1391,2025-04-10,TURBO
1392,2025-04-11,ARROW
1393,2025-04-12,NURSE
1394,2025-04-13,LAUGH
1395,2025-04-14,CREST
1396,2025-04-15,ASHEN
1397,2025-04-16,MORAL
1398,2025-04-17,STOOD
1399,2025-04-18,DIRGE
1400,2025-04-19,INBOX
1401,2025-04-20,PATCH
1402,2025-04-21,SPATE
1403,2025-04-22,ARTSY
1404,2025-04-23,OZONE
1405,2025-04-24,GENIE
1406,2025-04-25,KNOWN
1407,2025-04-26,CLASH
1408,2025-04-27,WEEDY
1409,2025-04-28,DUMMY
1410,2025-04-29,BLISS
1411,2025-04-30,IDLER
1412,2025-05-01,ADEPT
1413,2025-05-02,WHOSE
1414,2025-05-03,PATSY
1415,2025-05-04,TROUT
1416,2025-05-05,SHUSH
1417,2025-05-06,SUITE
1418,2025-05-07,MACHO
1419,2025-05-08,BALMY
1420,2025-05-09,TRIPE
1421,2025-05-10,YEAST
1422,2025-05-11,DOWEL
1423,2025-05-12,BICEP
1424,2025-05-13,AWARE
1425,2025-05-14,BONGO
1426,2025-05-15,EAGER
1427,2025-05-16,FIFTH
1428,2025-05-17,GROWN
1429,2025-05-18,LIVID
1430,2025-05-19,PITCH
1431,2025-05-20,BORNE
1432,2025-05-21,ALARM
1433,2025-05-22,FOLIO
1434,2025-05-23,SHUCK
1435,2025-05-24,SUEDE
1436,2025-05-25,GRIFT
1437,2025-05-26,DRONE
1438,2025-05-27,SPORT
1439,2025-05-28,POLAR
1440,2025-05-29,QUASH
1441,2025-05-30,IDIOM
1442,2025-05-31,HABIT
1443,2025-06-01,ROUGH
1444,2025-06-02,PREEN
1445,2025-06-03,ADMIN
1446,2025-06-04,CEASE
1447,2025-06-05,DATUM
1448,2025-06-06,EDIFY
1449,2025-06-07,REUSE
1450,2025-06-08,LEASE
1451,2025-06-09,BOARD
1452,2025-06-10,TAFFY
1453,2025-06-11,PLAID
1454,2025-06-12,VIXEN
1455,2025-06-13,BILGE
1456,2025-06-14,GHOST
1457,2025-06-15,QUAIL
1458,2025-06-16,PETTY
1459,2025-06-17,PRANK
1460,2025-06-18,MUNCH
1461,2025-06-19,CURIO
1462,2025-06-20,TAUPE
1463,2025-06-21,GLADE
1464,2025-06-22,THRUM
1465,2025-06-23,ODDLY
1466,2025-06-24,ELITE
1467,2025-06-25,COMFY
1468,2025-06-26,OFFER
1469,2025-06-27,PLAIN
1470,2025-06-28,STUMP
1471,2025-06-29,WITTY
1472,2025-06-30,BLINK
1473,2025-07-01,MOLDY
1474,2025-07-02,INCUR
1475,2025-07-03,POPPY
1476,2025-07-04,CURVE
1477,2025-07-05,BALER
1478,2025-07-06,ATRIA
1479,2025-07-07,STILT
1480,2025-07-08,DREAD
1481,2025-07-09,NOVEL
1482,2025-07-10,JUMPY
1483,2025-07-11,BRAND
1484,2025-07-12,EXILE
1485,2025-07-13,GNOME
1486,2025-07-14,UNDID
1487,2025-07-15,FOIST
1488,2025-07-16,NERVY
1489,2025-07-17,MODAL
1490,2025-07-18,LORIS
1491,2025-07-19,SWORD
1492,2025-07-20,BLANK
1493,2025-07-21,TIZZY
1494,2025-07-22,BURNT
1495,2025-07-23,WATER
1496,2025-07-24,QUAKE
1497,2025-07-25,GOFER
1498,2025-07-26,HAUNT
1499,2025-07-27,WHOLE
1500,2025-07-28,SAVVY
1501,2025-07-29,OMEGA
1502,2025-07-30,ASSAY
1503,2025-07-31,FRILL
1504,2025-08-01,BANJO
1505,2025-08-02,DAUNT
1506,2025-08-03,LUMPY
1507,2025-08-04,RIGID
1508,2025-08-05,STORK
1509,2025-08-06,GROAN
1510,2025-08-07,CORAL
1511,2025-08-08,IMBUE
1512,2025-08-09,NASAL
1513,2025-08-10,MINTY
1514,2025-08-11,SOUTH
1515,2025-08-12,NOMAD
1516,2025-08-13,KEFIR
1517,2025-08-14,KNELL
1518,2025-08-15,LEVEL
1519,2025-08-16,MATTE
1520,2025-08-17,LOUSY
1521,2025-08-18,ISSUE
1522,2025-08-19,ROWDY
1523,2025-08-20,LLAMA
1524,2025-08-21,EXTOL
1525,2025-08-22,RATTY
1526,2025-08-23,UNION
1527,2025-08-24,SPORE
1528,2025-08-25,MIRTH
1529,2025-08-26,ANNEX
1530,2025-08-27,TOWER
1531,2025-08-28,SPLIT
1532,2025-08-29,GRAFT
1533,2025-08-30,ELATE
1534,2025-08-31,PETAL
1535,2025-09-01,LEAST
1536,2025-09-02,MIGHT
1537,2025-09-03,FETCH
1538,2025-09-04,BLEND
1539,2025-09-05,DRIFT
1540,2025-09-06,BULGE
1541,2025-09-07,TENOR
1542,2025-09-08,CHIRP
1543,2025-09-09,TRICK
1544,2025-09-10,POUTY
1545,2025-09-11,CHAIR
1546,2025-09-12,THROB
1547,2025-09-13,NADIR
1548,2025-09-14,NOISY
1549,2025-09-15,ALONG
1550,2025-09-16,LEFTY
1551,2025-09-17,TEETH
1552,2025-09-18,KNIFE
1553,2025-09-19,LATER
1554,2025-09-20,DEFER
1555,2025-09-21,COVEN
1556,2025-09-22,QUILL
1557,2025-09-23,MOUTH
1558,2025-09-24,BLUNT
1559,2025-09-25,DRAPE
1560,2025-09-26,DALLY
1561,2025-09-27,FRITZ
1562,2025-09-28,GOOEY
1563,2025-09-29,CIVIL
1564,2025-09-30,GEESE
1565,2025-10-01,SPOIL
1566,2025-10-02,WIDTH
1567,2025-10-03,SPASM
1568,2025-10-04,RELAY
1569,2025-10-05,PLANE
1570,2025-10-06,AMUSE
1571,2025-10-07,NYLON
1572,2025-10-08,ANNOY
1573,2025-10-09,HARDY
1574,2025-10-10,LEVER
1575,2025-10-11,STACK
1576,2025-10-12,WOUND
1577,2025-10-13,BEARD
1578,2025-10-14,FORUM
1579,2025-10-15,SPOOF
1580,2025-10-16,CATTY
1581,2025-10-17,GROSS
1582,2025-10-18,HAVEN
1583,2025-10-19,IDEAL
1584,2025-10-20,LIMBO
1585,2025-10-21,DETOX
1586,2025-10-22,STUNT
1587,2025-10-23,DRILL
1588,2025-10-24,TUBER
1589,2025-10-25,GAUGE
1590,2025-10-26,PLUMP
1591,2025-10-27,FETID
1592,2025-10-28,HOLLY
1593,2025-10-29,GLARE
1594,2025-10-30,LATHE
1595,2025-10-31,ABHOR
1596,2025-11-01,MOTEL
1597,2025-11-02,RABID
1598,2025-11-03,AWOKE
1599,2025-11-04,VENUE
1600,2025-11-05,SHORT
1601,2025-11-06,GUISE
1602,2025-11-07,PERIL
1603,2025-11-08,ARISE
1604,2025-11-09,FUGUE
1605,2025-11-10,TABBY
1606,2025-11-11,GIZMO
1607,2025-11-12,DEUCE
1608,2025-11-13,TINGE
1609,2025-11-14,LURID
1610,2025-11-15,CLUNG
1611,2025-11-16,WIELD
1612,2025-11-17,CLAMP
1613,2025-11-18,OPINE
1614,2025-11-19,MAKER
1615,2025-11-20,GRAVE
1616,2025-11-21,VOWEL
1617,2025-11-22,THICK
1618,2025-11-23,BUNNY
1619,2025-11-24,DOUGH
1620,2025-11-25,PLEAD
1621,2025-11-26,HOVEL
1622,2025-11-27,REMIT
1623,2025-11-28,COLIC
1624,2025-11-29,GRUFF
1625,2025-11-30,MUGGY
1626,2025-12-01,LEACH
1627,2025-12-02,CACTI
1628,2025-12-03,HASTE
1629,2025-12-04,TULIP
1630,2025-12-05,AMONG
1631,2025-12-06,WAIST
1632,2025-12-07,FLUTE
1633,2025-12-08,GRAVY
1634,2025-12-09,SNIDE
1635,2025-12-10,ERASE
1636,2025-12-11,GUESS
1637,2025-12-12,TRUCK
1638,2025-12-13,MISER
1639,2025-12-14,SWING
1640,2025-12-15,DODGY
1641,2025-12-16,SEGUE
1642,2025-12-17,GRASS
1643,2025-12-18,RUGBY
1644,2025-12-19,MYRRH
1645,2025-12-20,WHITE
1646,2025-12-21,QUILT
1647,2025-12-22,CONCH
1648,2025-12-23,GLINT
1649,2025-12-24,SPOOL
1650,2025-12-25,PRISM
1651,2025-12-26,SPEED
1652,2025-12-27,BATCH
1653,2025-12-28,ABBOT
1654,2025-12-29,FRUIT
1655,2025-12-30,DECOR
1656,2025-12-31,SIREN
1657,2026-01-01,FABLE
1658,2026-01-02,PROOF
1659,2026-01-03,SITAR
1660,2026-01-04,POSSE
1661,2026-01-05,FILLY
1662,2026-01-06,OOMPH
1663,2026-01-07,PECAN
1664,2026-01-08,BLAST
1665,2026-01-09,EIGHT
1666,2026-01-10,MANIC
1667,2026-01-11,QUARK
1668,2026-01-12,TRIAL
1669,2026-01-13,GUMBO
1670,2026-01-14,AVOID
1671,2026-01-15,CHASM
1672,2026-01-16,RACER
1673,2026-01-17,FIERY
1674,2026-01-18,SUMAC
1675,2026-01-19,WAXEN
1676,2026-01-20,SULLY
1677,2026-01-21,CUBIC
1678,2026-01-22,CLINK
1679,2026-01-23,BARON
1680,2026-01-24,CLIFF
1681,2026-01-25,STRUT
1682,2026-01-26,FREAK
1683,2026-01-27,DUSKY
1684,2026-01-28,CRUEL
1685,2026-01-29,FLAKY
1686,2026-01-30,JUMBO
1687,2026-01-31,ALLOT
1688,2026-02-01,SPINY
1689,2026-02-02,CIGAR
1690,2026-02-03,WEIGH
1691,2026-02-04,CHIDE
1692,2026-02-05,SWOOP
1693,2026-02-06,GAVEL
1694,2026-02-07,BLEAT
1695,2026-02-08,EMBED
1696,2026-02-09,CELLO
1697,2026-02-10,SCENE
1698,2026-02-11,VEGAN
1699,2026-02-12,SURGE
1700,2026-02-13,MOOCH
1701,2026-02-14,BLOOM
1702,2026-02-15,SKULL
1703,2026-02-16,ROOST
1704,2026-02-17,SQUAD
1705,2026-02-18,MOGUL
1706,2026-02-19,HOIST
1707,2026-02-20,STANK
1708,2026-02-21,AWAKE
1709,2026-02-22,GUAVA
1710,2026-02-23,ATTIC
1711,2026-02-24,BUYER
1712,2026-02-25,SHRED
1713,2026-02-26,LANCE
1714,2026-02-27,DIZZY
1715,2026-02-28,HYDRA
1716,2026-03-01,FLUKE
1717,2026-03-02,SLIME
1718,2026-03-03,LINEN
1719,2026-03-04,THEFT
1720,2026-03-05,SHEEP
1721,2026-03-06,GUNKY
1722,2026-03-07,VOGUE
1723,2026-03-08,LOBBY
1724,2026-03-09,HASTY
1725,2026-03-10,SHOAL
1726,2026-03-11,TEDDY
1727,2026-03-12,SMELL
1728,2026-03-13,EATEN
1729,2026-03-14,ANKLE
1730,2026-03-15,GRADE
1731,2026-03-16,DRAMA
1732,2026-03-17,CLASP
1733,2026-03-18,AMPLY
1734,2026-03-19,REHAB
1735,2026-03-20,OASIS
1736,2026-03-21,SLICK
1737,2026-03-22,BASIL
1738,2026-03-23,SERIF
1739,2026-03-24,BROOD
1740,2026-03-25,WISER
1741,2026-03-26,BEFIT
1742,2026-03-27,IVORY
1743,2026-03-28,AFOOT
1744,2026-03-29,CHUMP
1745,2026-03-30,COMET
1746,2026-03-31,SWAMP
1747,2026-04-01,FIZZY
1748,2026-04-02,SOBER
1749,2026-04-03,SINGE
1750,2026-04-04,SANDY
1751,2026-04-05,ENVOY
1752,2026-04-06,SWORN
1753,2026-04-07,DENSE
1754,2026-04-08,INLET
1755,2026-04-09,LADEN
1756,2026-04-10,CAROM
1757,2026-04-11,PRUDE
1758,2026-04-12,ALLEY
1759,2026-04-13,ELFIN
1760,2026-04-14,CYCLE
1761,2026-04-15,BEGUN
1762,2026-04-16,CUBIT
1763,2026-04-17,BELLE
1764,2026-04-18,TOADY
1765,2026-04-19,STAND
1766,2026-04-20,WEAVE
1767,2026-04-21,CLUMP
1768,2026-04-22,SNORE
1769,2026-04-23,TWEET
1770,2026-04-24,DRUNK
1771,2026-04-25,WOMEN
1772,2026-04-26,GLOSS
1773,2026-04-27,EERIE
1774,2026-04-28,QUACK
1775,2026-04-29,RURAL
1776,2026-04-30,CROCK
1777,2026-05-01,PLUME
1778,2026-05-02,BRING
1779,2026-05-03,PUFFY
1780,2026-05-04,RISER
1781,2026-05-05,LATCH
1782,2026-05-06,LIKEN
1783,2026-05-07,BUDGE
1784,2026-05-08,UMBRA
1785,2026-05-09,SATIN
1786,2026-05-10,PARKA
1787,2026-05-11,NEWLY
1788,2026-05-12,CLOCK
1789,2026-05-13,DOWDY
1790,2026-05-14,WAVER
1791,2026-05-15,CREED
1792,2026-05-16,MOVER
1793,2026-05-17,BYLAW
1794,2026-05-18,LOATH
1795,2026-05-19,DUSTY
1796,2026-05-20,WRECK
1797,2026-05-21,AGREE
1798,2026-05-22,VOCAL
1799,2026-05-23,CHUCK
1800,2026-05-24,NIECE
1801,2026-05-25,VISIT
1802,2026-05-26,COUCH
1803,2026-05-27,STUFF
1804,2026-05-28,DIVOT
1805,2026-05-29,CLANG
1806,2026-05-30,SMILE
1807,2026-05-31,ETUDE
1808,2026-06-01,CHILI
1809,2026-06-02,BASIS
1810,2026-06-03,NOTCH
1811,2026-06-04,ALLOY
1812,2026-06-05,NOBLY
1813,2026-06-06,MORPH
1814,2026-06-07,THUMB
1815,2026-06-08,MAFIA
1816,2026-06-09,WHARF
1817,2026-06-10,ALIGN
1818,2026-06-11,TESTY
1819,2026-06-12,BREAK
1820,2026-06-13,QUELL
1821,2026-06-14,SEPIA
1822,2026-06-15,BROIL
1823,2026-06-16,AMAZE
1824,2026-06-17,TOKEN
1825,2026-06-18,ENTRY
1826,2026-06-19,EMOJI
1827,2026-06-20,DRAKE
1828,2026-06-21,ALIBI
1829,2026-06-22,OVATE
1830,2026-06-23,CURRY
1831,2026-06-24,QUEER
1832,2026-06-25,UNITY
1833,2026-06-26,ACUTE
1834,2026-06-27,SCOOP
1835,2026-06-28,EMCEE
1836,2026-06-29,CRUDE
1837,2026-06-30,PUPPY
1838,2026-07-01,DEMUR
1839,2026-07-02,MAVEN
1840,2026-07-03,BATON
1841,2026-07-04,PIZZA
1842,2026-07-05,SWAMI
1843,2026-07-06,TODDY
1844,2026-07-07,SLING
1845,2026-07-08,DEMON
1846,2026-07-09,AMEND
1847,2026-07-10,CANAL
1848,2026-07-11,AVIAN
1849,2026-07-12,CLACK
1850,2026-07-13,STOUT
1851,2026-07-14,STEAK
1852,2026-07-15,PSHAW
1853,2026-07-16,BUTTE
1854,2026-07-17,LEGAL
1855,2026-07-18,BOOTH
1856,2026-07-19,CHURN
1857,2026-07-20,DIVER
1858,2026-07-21,SHILL
1859,2026-07-22,LORRY
1860,2026-07-23,ORBIT
1861,2026-07-24,PUTTY
1862,2026-07-25,ALOHA
1863,2026-07-26,GRAPE
1864,2026-07-27,POSER
1865,2026-07-28,SONAR
1866,2026-07-29,VALVE
1867,2026-07-30,FLUME
1868,2026-07-31,PURSE
1869,2026-08-01,SLUSH
1870,2026-08-02,PENAL
1871,2026-08-03,REPLY
1872,2026-08-04,MOTIF
1873,2026-08-05,POSIT
1874,2026-08-06,GRIPE
1875,2026-08-07,FEIGN
1876,2026-08-08,PRIVY
1877,2026-08-09,CLUNK
1878,2026-08-10,SNIPE
1879,2026-08-11,FENCE
1880,2026-08-12,WIMPY
